{
  "version": 1,
  "author": "Tamilarasan P",
  "editor": "wokwi",
  "parts": [
    { "type": "wokwi-esp32-devkit-v1", "id": "esp", "top": 38.1, "left": -36.68, "attrs": {} },
    {
      "type": "wokwi-led",
      "id": "led1",
      "top": -56.4,
      "left": 148.87,
      "attrs": { "color": "red" }
    },
    {
      "type": "wokwi-ntc-temperature-sensor",
      "id": "ntc1",
      "top": 267.67,
      "left": -184.21,
      "attrs": {}
    },
    { "type": "wokwi-dht22", "id": "dht1", "top": -86.95, "left": 390.91, "attrs": {} },
    {
      "type": "wokwi-buzzer",
      "id": "bz1",
      "top": -70.09,
      "left": 232.32,
      "attrs": { "volume": "0.1" }
    },
    {
      "type": "wokwi-pir-motion-sensor",
      "id": "pir1",
      "top": -122.63,
      "left": -39.25,
      "attrs": {}
    }
  ],
  "connections": [
    [ "esp:TX0", "$serialMonitor:RX", "", [] ],
    [ "esp:RX0", "$serialMonitor:TX", "", [] ],
    [ "pir1:VCC", "esp:3V3", "red", [ "v228.39", "h63.56" ] ],
    [ "pir1:OUT", "esp:D2", "green", [ "v0" ] ],
    [ "pir1:GND", "esp:GND.1", "black", [ "v0" ] ],
    [ "led1:A", "esp:D5", "green", [ "v0" ] ],
    [ "bz1:2", "esp:D4", "green", [ "v0" ] ],
    [ "bz1:1", "esp:GND.1", "green", [ "v0" ] ],
    [ "led1:C", "esp:GND.1", "green", [ "v0" ] ],
    [ "ntc1:OUT", "esp:D2", "green", [ "h0" ] ],
    [ "ntc1:VCC", "esp:D15", "red", [ "h0" ] ],
    [ "ntc1:GND", "esp:D15", "black", [ "h0" ] ]
  ],
  "dependencies": {}
}